word	roman
กูเกิลเทร็นดส์	google trends
กราฟิก	graphic
ไกลโคไซด์	glycoside
กูเกิลแมป	google maps
เกย์ลุสไซต์	gaylussite
กราฟ	graph
กูเกิลโครม	google chrome
กวาร์กัม	guar gum
แกรนิต	granite
กรอสซูลาไรต์	grossularite
เกม	games
เกรแฮม	graham
เกียร์	gear
กูด	good
เกลาเบอไรต์	glauberite
กะรัต	karat
แกมมา	gamma
กิฟต์เวาเชอร์	gift voucher
แกสเพไอต์	gaspeite
กาลีนา	galena
กลูโคส	glucose
กาแลกไซต์	galaxite
แกลเลอรี	gallery
กลอโคโครไอต์	glaucochroite
การ์เนียไรต์	garnierite
กลอโคดอต	glaucodot
แกดจิต	gadget
แกรไฟต์	graphite
แก๊ส	gas
เกมส์	game
โกชีไนต์	goshenite
กิโล	kilo
กูเกิล	google
กูเกิลทอล์ค	google talk
กัฟเวอร์แนนซ์	governance
โกลว์	glow
กอล์ฟ	golf
กุ๊ก	cook
แกลเลียม	gallium
กูเกิ้ล	google
กาลิเลโอ กาลิเลอิ	galileo galilei
กาโดลิไนต์	gadolinite
ก๊อซ	gauze
แก๊ป	cap
กูบลิไนต์	gublinite
แกโดลิเนียม	gadolinium
กาแล็กซี	galaxy
กัฟฟี่	guffy
เกราไทต์	groutite
กีตาร์	guitar
กรูป	group
เกมโชว์	game show
การ์ตูน	cartoon
กาเบียล	gabriel
กาแล็กโทส	galactose
กะรัต	carat
กรีนอกไคต์	greenockite
กูเกิลไดรฟ์	google drive
กำมะถัน	sulphur
กรีนโอ๊ก	green oak
ไกด์	guide
กีย์เซอไรต์	geyserite
กิโลเฮิรตซ์	kilohertz
ก๊อบปี้	copy
กัปตัน	captain
แกลลิไมมัส	gallimimus
กิฟต์	gift
กลาสโกว	glasgow
เกอไทต์	goethite
กลาเซอไรต์	glaserite
กวาร์	guar
การ์เนต	garnet
ก๊าซ	gas
กรูเนอไรต์	grunerite
เกม	game
กาห์ไนต์	gahnite
เกาลิน	kaolin
คลิ๊ก	click
คาร์เนต์	carnet
แคคตัส	cactus
คอริสเตอร์	chorister
เคโอลิไนต์	kaolinite
คอนโด	condo
คาร์โบรันดัม	carborundum
คอนเซ็ปต์	concept
คริซาลิส	chrysalis
คอนโดรไดต์	chondrodite
แคมีโอ	cameo
คาลีไบต์	chalybite
เคอร์ไนต์	kernite
คาร์บอน	carbon
แคนดิด	candid
คอส	cause
แคลิฟอร์เนียม	californium
คาลโคไพไรต์	chalcopyrite
โครคอยต์	crocoite
คาร์เทล	cartel
คอร์เดต	chordate
โครเมียม	chromium
แคช	cash
คอร์ติซอล	cortisol
เคร์เรียร์	carrier
แคเชียร์	cashier
คัมแบล็ค	come black
เคเดอร์	cadre
คลาสสิก	classic
คลอส	clause
คลาวด์	cloud
แครอล	carol
โคลัมไบต์	columbite
แครักเตอร์	character
แค็ต	cat
เคอร์เนล	kernel
คีออสก์	kiosk
แคราแคล	caracal
คอสติกโซดา	caustic soda
คิเมอรา	chimaera
คลัตช์	clutch
เคราเวย์	caraway
เคลียร์	clear
แคร์เรียน	carrion
คาร์ดามัม	cardamom
แคปซูล	capsule
เคป	cape
แคบิน	cabin
คริปทอมีเลน	cryptomelane
คาปูชิโน่	cappuccino
คาเฟ	café
แคลงก์	clank
เครนเนอไรต์	krennerite
คาริสมา	charisma
คอเมดี	comedy
แคมเปญ	campaign
แคนเดิล	candle
คาร์พิต	carpet
แคลมมี	clammy
คลอไรต์	chlorite
ค็อกคัส	coccus
แคชลิส	cashless
คูไกต์	cookeite
เคเบอร์	caber
คอลัมน์	column
คอลดรอน	cauldron
คลาสรูม	classroom
แคมปิง	camping
แคลคูลัส	calculus
โค้ช	coach
แคล็ปเปอร์บอร์ด	clapperboard
เคลฟ	clef
แคลริเน็ต	clarinet
คลิฟฟ์	cliff
โคเวลไลต์	covellite
โคม่า	coma
คลิฟฟอร์ไดต์	cliffordite
ไคลแม็กซ์	climax
คัพเค้ก	cup cake
คลอราร์จิไรต์	chlorargyrite
แคลนนิช	clannish
ไคลแมกซ์	climax
คอลัมนิสต์	columnist
โครมาทิน	chromatin
คาเฟ่	cafe
คอฟดอร์สไกต์คอฟดอร์สไกต์	kovdorskite
คอลลิเกทิฟ	colligative
คิดเวลไลต์	kidwellite
แคพิบารา	capybara
เคส	case
คอลโลฟาไนต์	collophanite
คลินช์	clinch
คลอแอนไทต์	chloanthite
ไคลโนคลอร์	clinochlore
คอฟฟีช็อป	coffee shop
คาร์พินเตอร์	carpenter
เคฟ	cave
คอลโลเฟน	collophane
คาร์โนทอรัส	carnotaurus
คิโนไอต์	kinoite
แคลซิเฟอรอล	calciferol
คาร์นิวอร์	carnivore
คุตนอฮอไรต์	kutnohorite
แคชวล	casual
คาร์ดินัล	cardinal
แคนนอน	cannon
แคลน	clan
คริปโตเคอเรนซี่	cryptocurrency
แคลเซียมคาร์ไบด์	calcium carbide
แคนเทอร์	canter
โคบอลต์	cobalt
คลอราพาไทต์	chlorapatite
แคเทอกอรี	category
คลีนเนอร์	cleaner
โคออร์ดิเนต	coordinate
แคช	cache
แคลช	clash
แคล็ก	claque
เคลย์มอร์	claymore
คาร์ดิกัน	cardigan
แคชเลส	cashless
แคโทด	cathode
แคร์ริจ	carriage
โครแมติก	chromatic
แคนเซอร์	cancer
คอมมิวนิตี	community
คอลลาเจน	collagen
คาบาซา	cabasa
คลอโรฟิลล์	chlorophyll
แคลลัส	callus
คาร์บอลิก	carbolic
ไคสโทไลต์	chaistolite
คริโซเพรส	chrysoprase
คาร์นีเลียน	carnelian
คีย์บอร์ด	keyboard
แคร์ฟรี	carefree
คอรอยด์	choroid
แคเมอรา	camera
คลิง	cling
เคลย์	clay
คอนเซปต์	concept
คอฟดอร์สไกต์	kovdorskite
แคนเตอร์	canter
คาลดรอน	caldron
แคนนี	canny
ค็อกเทล	cocktail
คาร์ดิแอ็ก	cardiac
คิเมอรา	chimera
คาร์บอย	carboy
เคซีน	casein
เคลนส์	cleanse
คลาสเมต	classmate
คาราวาน	caravan
โคะกิริโกะ	kokiriko
แคนอน	canon
คอร์ด	chord
แคบาไซต์	chabasite
แคล์ฟ	calf
โคลอี	chloe
คลิปเปอร์	clipper
คริโซไทล์	chrysotile
แคลิโค	calico
คอร์รัปชัน	corruption
แคสก์	cask
คาสก์	cask
คัมแบ็ค	comeback
โคไซต์	coesite
โคบอลไทต์	cobaltite
แคแวนไซต์	cavansite
คอมเมดี้	comedy
แคร์รอต	carrot
แคลริฟาย	clarify
คอรัล	choral
แคสเคด	cascade
ไคมีรา	chimera
แคสต์	cast
คัฟเวอร์	cover
คาลดรอน	cauldron
แคลมป์	clamp
แครักเตอไรเซชัน	characterization
คูเมนไจต์	cumengeite
โครมาโทกราฟี	chromatography
โคเซแคนต์	cosecant
เคอร์มิไซต์	kermesite
เคลิร์ก	clerk
คอมป์ซอกนาทัส	compsognathus
ไคม์	chyme
คุลาไนต์	kulanite
ไควเออร์	choir
แคริบเบียน	caribbean
แคร์รี	carry
แคลมเบก	clambake
คอร์ส	course
แคร์นกอร์ม	cairngorm
แคร์เรียร์	carrier
โควิด 19	covid19
แครนดาลไลต์	crandallite
คลาส	class
คริแซนเทมัม	chrysanthemum
คลาริเน็ต	clarinet
คอมเมนต์	comment
โคด	code
แค็ตนิป	catnip
แค็ตตาล็อก	catalogue
แคลิฟอร์ไนต์	californite
เคลี	ceilidh
โครม	chrome
คอลเซนเตอร์	call center
แคชแบ็ก	cashback
แคโคซีไนต์	cacoxenite
คอเลสเตอรอล	cholesterol
คาร์ป	crap
เคลริก	cleric
โครเก้	croquet
คอร์เดียไรต์	cordierite
โควิด	covid
แคล็ป	clap
คอปเปอร์	copper
แคนตัส	cactus
คอร์นเฟลกส์	cornflakes
คุนไซต์	kunzite
แคสซิเทอไรต์	cassiterite
คาเดอร์	cadre
คาแทสโตรฟี	catastrophe
ไคลโนฮีไดรต์	clinohrdrite
คริสตัล	crystal
โครมา	chroma
คาโลเมล	calomel
คริสมาสต์	christmas
แคฟแทน	caftan
แค็ปชัน	caption
คอลดรอน	caldron
คิว	queue
แค็ตวอล์ก	catwalk
คาลโคไซต์	chalcocite
แคมบริก	cambric
คัลเจอร์	culture
แคล็ปบอร์ด	clapboard
โค้ด	code
แคบ	cab
เคานต์ดาวน์	countdown
คูเรียม	curium
คาร์เพนเตอร์	carpenter
แคชูว์	cashew
แคนิสเตอร์	canister
คลีฟ	cleave
คอริโทซอรัส	corythosaurus
คิก	kick
แคลเซียมไซคลาเมต	calcium cyclamate
แคโมมีล	chamomile
แคสเปียน	caspian
แครีส	caries
คอมมานโด	commando
เคป๊อป	kpop
คาลโคฟาไนต์	chalcophanite
แคลเซียม	calcium
แคมเพน	campaign
แคมป์	camp
แคสติง	casting
เครดิต	credit
คอมมิวนิสต์	communism
ครัวซองต์	croissant
คาร์ฟ	carve
แคลสซี	classy
คิวบาไนต์	cubanite
คอมเมนท์	comment
คลาร์ก	clerk
คาสต์	cast
แคร์	care
โครไมต์	chromite
เคอร์ซูไทต์	kaersutite
คาร์ไบด์	carbide
แคลไซต์	calcite
แคมปัส	campus
คอลเซนเตอร์	call centre
แคลิเปอส์	calipers
ไคลน์	cline
คาร์เนเลียน	carnelian
แคมคอร์เดอร์	camcorder
คาร์ซิก	carsick
แคลิบอไรต์	kaliborite
แคลอรี	calorie
โคลมาไนต์	colemanite
แคลิเบอร์	caliber
ไคลเอนต์	client
แคเมล	camel
เคออส	chaos
คลีน	clean
คลิงก์	clink
แคสเตอร์	castor
คาลโคซิเดอไรต์	chalcosiderie
แคร์ฟุล	careful
แคนไดต์	kandite
แคมชาฟต์	camshaft
คีย์เวิร์ด	keyword
คลีฟแลนไดต์	cleavelandite
โคลแมนไอต์	colemanite
คาร์บอนมอนอกไซด์	carbon monoxide
ไครโอไลต์	cryolite
คอล	call
แคดเมียม	cadmium
คอมแพกต์ดิสก์	compact disc
คาร์บอเนต	carbonate
แคเฟ	café
แคลิโดไนต์	caledonite
คอนแท็กต์เซนเตอร์	contact center
คลิฟฟ์	cliffe
แคดดี	caddie
ไคลโนเคลส	clinoclase
คาร์บูเรเตอร์	carburetor
แคชูว์นัต	cashew nut
คอร์ดิไลต์	cordylite
คลิก	click
คลิฟ	cliff
คาร์	car
คาลโคฟิลไลต์	chalcophyllite
เคร์ริจ	carriage
แคเชต์	cachet
ไคโอไลต์	chiolite
คอร์เนอรูพีน	kornerupine
คาร์บังเคิล	carbuncle
โค้ก	coke
แคลม	clam
แค็ปซิคัม	capsicum
คีเซลกูห์	kieselguh
เคเบิล	cable
โคเคน	cocaine
แคลส	class
คาร์ต	cart
คาร์โบนารา	carbonara
คอมเม้น	comment
คาเฟอีน	caffeine
คลอริทอยด์	chloritoid
คัมแบค	comeback
ครีเอทีฟส์คอมมอนส์	creative commons
แคมเปอร์	camper
ครีม	cream
คาลแคนไทต์	chalcanthite
คาร์ดามัม	cardamum
คลามิเดีย	chlamidia
คลินิก	clinic
โคนิคาลไซต์	conichalcite
คาร์ดิแกน	cardigan
แคโมมีล	camomile
เคน	cane
แคนดิเดต	candidate
คีเลชัน	chelation
แคเฟ	cafe
โคอาลา	koala
เคออติก	chaotic
คาร์โบไฮเดรต	carbohydrate
แคโมไมล์	camomile
คอร์นวอลไลต์	cornwallite
คาร์ตอน	carton
เคร์รี	carry
คาลซิโดนี	chalcedony
โคลก	cloak
คาร์คัส	carcass
คาล์ม	calm
คานต์	can't
คอรัส	chorus
คลอว์	claw
คาทอลิก	catholic
คลิปบอร์ด	clipboard
คาร์ซีต	car seat
คาล์ฟ	calf
แคกตัส	cactus
คริปโต	crypto
คริโซเบริล	chrysoberyl
แค็กเกิล	cackle
ครีเอต	create
ไคแอสโทไลต์	chiastolite
คริสต์มาส	christmas
คริปโตเคอร์เรนซี	cryptocurrency
ครีไดต์	creedite
เคเตอร์	cater
คาร์นัลไลต์	carnallite
แคปริคอร์น	capricorn
แค็ปเตอร์	captor
คอมพลีต	complete
แคโรทีน	carotene
เคพอน	capon
เคจ	cage
คาร์โนไทต์	carnotite
แคริบู	caribou
คลอโรฟอร์ม	chloroform
คาร์เนชัน	carnation
คอนเสิร์ต	concert
คาร์บีน	carbine
แคลสเมต	classmate
แคนดี	candy
ไคทิน	chitin
คัมมิงโทไนต์	cummingtonite
โครซิโดไลต์	crocidolite
ไคมีรา	chimaera
คอร์เนไทต์	cornetite
เคร์เรียน	carrion
คริสโทบาไลต์	cristobalite
คอลเลกชัน	collection
ไครสต์เชิร์ช	christchurch
ควอรันทีน	quarantine
คริแซนทิมัม	chrysanthemum
คริปทอน	krypton
แคลสรูม	classroom
คาร์โก	cargo
แคลิเปอส์	callipers
ไคยาไนต์	kyanite
เคไนน์	canine
เคอเรียร์	career
คลับเฮาส์	club house
คาห์ไนต์	cahnite
เงิน	silver
เจนนิเฟอร์	jennifer
จาวา	java
เจอร์เบรา	gerbera
จีโอบาซิลลัส สเตียโรเทอร์โมฟิลัส	geobacillus stearothermophilus
จอร์ดาไนต์	jordanite
จาวาสคริปต์	javascript
จอร์จ วอชิงตัน	george washington
จัมป์ซูต	jumpsuit
แจ็ก-โอ-แลนเทิร์น	jacko'lantern
จีพียู	gpu
จุมลา	joomla
จูมล่า	joomla
จาซินท์	jacinth
เจมซอไนต์	jamesonite
เจด	jade
โจอะควิไนต์	joaquinite
แจซ	jazz
แจ็คเก็ต	jackets
จาร์กอน	jargon
เจอร์เมเนียม	germanium
ไจโรไลต์	gyrolite
จอห์น	john
จ็อกกิง	jogging
จาคอบไซต์	jacobsite
เจดา	jada
จาร์กูน	jargoon
แจสเพอร์	jasper
แจ็กเกต	jacket
จอร์จ	george
จิงเกิลสติก	jingle stick
ช็อปปิง	shopping
ชาร์ม	charm
เชมเบอร์	chamber
ชิมแพนซี	chimpanzee
เชส	chess
ชาร์โคล	charcoal
ชีต	cheat
ชมิตเทอไรต์	schmitterrite
ชิลเดรไนต์	childrenite
ชีสเบอร์เกอร์	cheeseburger
แชนเนิล	channel
ไชม์	chime
แชเลต์	chalet
ชิกกิน	chicken
แชเรียต	chariot
ชิลแล็กซ์	chillax
เชสต์นัต	chestnut
แชต	chat
เชิร์น	churn
ชินุก	chinook
แชนเนล	channel
ชาลส์	charles
ชัมมี	chummy
ชีลด์	shield
เชริล	cheryl
ช้อปปิ้ง	shopping
ชาร์จเจอร์	charger
ชอมป์	chomp
ไชนาทาวน์	chinatown
ชิกเกน	chicken
ช็อป	shop
เชสนัต	chestnut
ชิวัลรี	chivalry
ชีฟ	chief
เชฟรอน	chevron
แชเล	chalet
ชาร์ต	chart
ชัม	chum
เชสต์	chaste
ช็อป	chop
ชอร์ต	short
แชนต์	chant
ชิลลี	chilly
เชียร์	cheer
ชีตาห์	cheetah
ชิปเปอร์	chipper
ชินชิลลา	chinchilla
ชอป	chop
เชรับ	cherubim
ไชลด์ฮุด	childhood
ชาร์เตอร์	charter
เชลแล็ก	shellac
ไชน์เทอราพี	shine therapy
ไชลด์	child
ชิงก์	chink
ชิลเดรน	children
แชร์	share
เชอร์เบต	sherbet
เชลโล	cello
ชีไลต์	scheelite
ชับบี	chubby
ชอล์ก	chalk
ชัวร์	sure
เชงเดไอต์	chengdeite
ชิคาโน	chicano
ชะแล็ก	shellac
ชอป	shop
ชูเพสตรี	choux pastry
เชริตี	charity
เชิร์ช	church
เชสซิไลต์	chessylite
เช็ก	check
เชอนีล	chenille
ชิก	chick
ชาร์ลี	charlie
แชนเดอเลียร์	chandelier
ชูต	chute
เชฟโรเลต	chevrolet
ชอปปิง	shopping
ชัตเตอร์	shutter
ไชน์	shine
เชิร์ต	chert
ชอน	sean
ชอร์ล	schorl
ชอยซ์	choice
แชสซี	chassis
ชูส	choose
เช็ค	cheque
ชีส	cheese
ชับ	chub
แช็ต	chat
ช็อปสติก	chopstick
ชิวาวา	chihuahua
ชิมนีย์	chimney
ชันเตอร์	chunter
ชอร์	chore
เชลฟ์	shelf
แช็ป	chap
เชนซอว์	chainsaw
ชูครีม	choux cream
ชิล	chill
แชทบอท	chatbot
ชัมป์	chump
ช็อกโกแลต	chocolate
ชัต	shut
ชิลลี	chilli
ชาร์ด	chard
ชีสเค้ก	cheesecake
เชอร์รี่	cherry
เชสเตอร์	chester
ชีก	cheek
ชิงเกิล	shingle
เชิ้ต	shirt
แชมเปียน	champion
ชิป	chip
ชิฟฟอน	chiffon
เชน	chain
ชิเคน	chicane
ชาร์มมิง	charming
เชสต์	chest
แชร์	cher
แชลเลนเจอร์	challenger
ช้อป	shop
เชฟ	chef
เชรับ	cherub
แช็ปเตอร์	chapter
ไชนีส	chinese
แชนดิเลียร์	chandelier
เชิร์ป	chirp
ชิเคอรี	chicory
ชอร์ไทต์	shortite
ช็องเรอ	genre
ช็อก	shock
ช็อกโกเลต	chocolate
ชิลเลอร์	chiller
แชมป์	champ
ชิตทาโคซอรัส	psittacosaurus
เชอร์ไชต์	churchite
แชมเปียนชิป	championship
เช็กเมต	checkmate
ซาร์โดนิกซ์	sardonyx
ซูแซนไนต์	susannite
ซีเรียม	cerium
ซีส	cease
ซัมเมอร์	summer
ไซเกิล	cycle
ซัพพลายเออร์	supplier
ซีเมนต์	cement
เซริโมนี	ceremony
โซเดียมไฮโดรเจนคาร์บอเนต	sodium hydrogen carbonate
ไซเรน	siren
เซนเตอร์	centre
โซเดียมคาร์บอเนต	sodium carbonate
ซีต	seat
ซัพพอร์ต	support
ซีเรีย	syria
ซิทริก	citric
เซิร์ลไซต์	searlessite
ซาร่า	zara
ไซโกมาตา	zygomata
เซอร์โคเนีย	zirconnia
ซีรอกซ์	xerox
ซิกาแร็ต	cigarette
ซิโทรเนลลา	citronella
ไซเทชัน	citation
โซโล	solo
ซีนอน	xenon
ไซโทไคนิน	cytokinin
เซนติเมตร	centimetre
ซีลีเนียม	selenium
ซินเจไนต์	syngenite
ซิสเติร์น	cistern
เซริไซต์	sericite
ซาแมเรียม	samarium
ซูซอไรต์	suzorite
แซปไฟร์	sapphire
โซนี่อีริคสัน	sony ericsson
ซิงค์	sync
ซิวิต	civet
โซเชียลมีเดีย	social media
ซิกซ์แพ็ก	six pack
เซลาโดไนต์	celadonite
ไซยาโนทริไคต์	cyanotrichite
ซิวิเลียน	civilian
เซเลอรี	celery
โซเชียล	social
ซูเปอร์คอมพิวเตอร์	supercomputer
เซอร์โคเนียม	zirconium
ซิคาดา	cicada
ซอยไซต์	zoisite
ซิงไซต์	zincite
ซิการ์	cigar
ซีน	scene
แซ็กโซโฟน	saxophone
ซาร์ทอไรต์	sartorite
ซิทรอน	citron
ซิติเซน	citizen
เซนติลิตร	centilitre
แซลมอน	salmon
ซิงเกิ้ลมัม	single mom
ซับสไครบ์	subscribe
ซิกเนเชอร์	signature
ซีดีรอม	cd rom
ซานิดีน	sanidine
ไซยาไนต์	cyanite
ซานตาคลอส	santa claus
ซูโดโบลีไอต์	pseudoboleite
ซูโอลูไนต์	suolunite
ซิวิไลซ์	civilize
เซิร์ฟเวอร์	server
ซิงก์เบลนด์	zinc blende
ซูพรีม	supreme
เซราร์จีไรต์	cerargyrite
เซเลไนต์	selenite
ซีไอโอ	cio
ซิแลนโทร	cilantro
ซูจิไลต์	sugilite
เซลลูลอยด์	celluloid
โซเดียมไฮโดรเจนกลูทาเมต	sodium hydrogen glutamate
เซราโทซอรัส	ceratosaurus
เซอร์ซี	circe
เซอร์ แฮรี่	sir harry
เซ็นเซอร์	sensor
เซอร์ทิฟิเคต	certificate
ซูเมไบต์	tsumebite
เซนต์	cent
ซาทินสปาร์	satin spar
เซอร์เพนทีน	serpentine
ซิเคทริกซ์	cicatrix
แซนด์วิช	sandwich
เซอร์คัส	circus
ซัสเซไซต์	suaaexite
ซีอีโอ	ceo
ซิคาทริกซ์	cicatrix
ซับสไกรบ์	subscribe
ซิลวาไนต์	sylvanite
ซิลเวอร์	silver
เซลล์	cell
ซูเปอร์สตาร์	superstar
ไซต์	site
ซินิมา	cinema
โซดาไนเตอร์	sodaniter
เซนเซอร์	censer
โซเดียมไฮโดรเจนซัลเฟต	sodium hydrogen sulphate
ซีซีทีวี	cctv
ซีลิง	ceiling
ซินนาบาร์	cinnabar
แซนิไทเซอร์	sanitizer
เซรัฟ	seraphim
ซูโดบรูไคต์	pseudobrookite
ซิเลีย	cilia
เซอร์เบอรัส	cerberus
ซิงไคต์	zinkite
ซิทรัส	citrus
ซูแอไนต์	suanite
ซูเนอไรต์	zeunerite
ซัลโฟเฮไลต์	sulphohalite
ซีเกท	seagate
โซเดียมไซคลาเมต	sodium cyclamate
แซ็กคาริน	saccharin
ซีลส์	seals
ซีดีอาร์	cdr
แซมอน	salmon
ซินช์	cinch
ซินดี	cindy
เซนทอร์	centaur
แซมบาวิสเซิล	samba whistle
ซีเอฟโอ	cfo
ซีเรียล	cereal
ซีซัน	season
ไซโคลน	cyclone
เซนเซอร์	sensor
ซินเดอร์	cinder
โซดา	soda
ซิลิคอน	silicon
ซีลอไนต์	ceylonite
เซนทริโน	centrino
เซเว่นอีเลฟเว่น	7eleven
เซอร์ทิฟิเคิต	certificate
ซิมพลิไซต์	symplesite
ซอร์เบต์	sorbet
ซีเซียม	caesium
ซิวิไลเซชัน	civilization
ซิป	zip
ซีเอ็มเอส	cms
ไซโมเฟน	cymophane
ซูเปอร์แมน	superman
โซเดียมซัลเฟต	sodium sulphate
ซาร์ดีน	sardine
เซนเตอร์	center
ซัลฟา	sulpha
ไซเบอร์	cyber
ซิเนมา	cinema
โซเชียลเน็ตเวิร์ก	social network
ไซเอนซ์	science
โซลเจอร์	soldier
ซูเปอร์มาร์เกต	supermarket
เซนเฟลไดต์	sainfeldite
ซีบอร์เกียม	seaborgium
ซูโครส	sucrose
ซาฟารี	safari
ซาโพไนต์	saponite
ซีดีรอม	cdrom
ซีฟู้ด	seafood
ซีไรต์	cerite
ซาวร์ครีม	sourcream
เซ็กซี่	sexy
ซีรีส์	series
เซล	sale
ซิวิก	civic
ซอฟต์แวร์	software
ซีโอไลต์	zeolite
ไซต์	cite
ซัลเฟอร์	sulphur
ซิตี	city
ไซโล	silo
โซฟา	sofa
เซียนนา	sienna
ซุป	soup
เซอร์เคล็ต	circlet
ซูพรีโมเจมเบ	supremo djembe
เซลเซียส	celsius
เซนทรัล	central
เซอรูเลียน	cerulean
ซีฟูด	seafood
ไซโลมิเลน	psilomelane
เซต	set
ซิกแซ็ก	zigzag
ซิตเทิร์น	cittern
เซลลูโลส	cellulose
แซ็กคารินโซเดียม	saccharin sodium
ซิกาเร็ตต์	cigarette
ซิติเซนชิป	citizenship
ซูโดมาลาไคต์	pseudomalachite
ซีโนไทม์	xenotime
เซ็นเซอร์	censor
เซิร์ก	cirque
เซานา	sauna
เซรัฟ	seraph
ซีดี	cd
ซัมซุง	samsung
แซตทักไกต์	shatuckite
ซ็อกเก็ต	socket
เซอร์คลิต	circlet
ไซบอร์ก	cyborg
ซินน์วอลไดต์	zinwaldite
ซินคิไซต์	synchysite
เซเลสไทต์	celestite
ซอส	sauce
ซิวิล	civil
แซฟฟลอไรต์	safflorite
เซอร์คอน	zircon
เซนทรัม	centrum
แซสโซไลต์	sassolite
เซิร์ชชิง	searching
เซิร์ช	search
เซรัสไซต์	cerussite
ซิงเกิ้ล	single
ซอร์สโค้ด	source code
โซดาไลต์	sodalite
ซิฟิลิส	syphilis
ซิงเคไนต์	zinkenite
ซิทาเดล	citadel
เซลฟี	selfie
เซลเลไอต์	sellaite
ซาวนด์แทร็ก	soundtrack
แซ็ก	sac
เซนติเกรด	centigrade
ดานเซอร์	dancer
ดีซี	dc
เดสก์ท็อป	desktop
โดเนต	donate
โดเมย์ไคต์	domeykite
ไดอะสปอร์	diaspore
ดัมมี	dummy
โดเมน	domain
ดีล	deal
ไดครอยต์	dichroite
เดลิเวอรี	deliveree
ดราไวต์	dravite
โด	dough
เดย์	day
ดีพ เลินนิ่ง	deep learning
เดสเซิร์ต	dessert
ดับเบิลวอลูม	double volume
ดีต์ไซต์	dietzeite
โดโลไมต์	dolomite
ดอกเตอร์	doctor
ดีเปรสชัน	depression
ไดอิเล็กทริก	dielectric
เดนมาร์ก	denmark
ดิสนีย์	disney
ดีเบต	debate
ดราฟต์	draft
โดส	dose
ไดมอนด์	diamond
ดัมบ์เบล	dumbbell
ดีบุก	tin
ดับเบิล	double
โดนัล	donald
ไดอามอนด์	diamond
ดริงก์	drink
ดีพเลินนิ่ง	deep learning
ไดออปไซด์	diopside
ดีเจ	dj
ดีท็อกซ์	detox
ดรอว์	draw
เดต	date
ดอร์เม้าส์	dormouse
ไดกิ้น	daikin
ดีป้า	depa
ดีวีดี	dvd
เดส์	days
ดีมันทอยด์	demantoid
ไดเรกตริกซ์	directrix
เดวิด ทิม	david timm
ดุฟไทต์	duftite
ดูเฟรไนต์	dufrenite
ดารามิน	daramin
ดาวน์ทาวน์	downtown
ดิกไคต์	dickite
ดาโทไลต์	datolite
เดกซ์โทรส	dextrose
ดัมป์	dump
ดาร์มสตัดเทียม	darmstadtium
ดิสโพรเซียม	dysprosium
ด็อกเตอร์	doctor
โดนัลด์	donald
ดิเบต	debate
เดอะซีรี่ส์	the series
ดาร์ก	dark
ดิจิตอล	digital
ไดรฟ์	drive
ไดออปเทส	dioptase
เดดไลน์	deadline
ดีเซล	diesel
เดโม	demo
ดีไซน์	design
ดูมอร์เทอไรต์	dumortierite
ดอลลาร์	dollar
ไดโนเสาร์	dinosaur
ดีพเลิร์นนิง	deep learning
ดิจิทัล	digital
ดิสเครไซต์	dyscrasite
เดซิเมตร	decimetre
ไดเจไนต์	digenite
ดาวน์	down
ไดอะโบลีไอต์	diaboleite
ดิไซเนอร์	designer
ดาวน์โหลด	download
แดนเซอร์	dancer
โดนัต	donut
ดรัม	drum
ดิสโกเทก	discotheque
ติโม่ แวร์เนอร์	timo werner
เต็นท์	tent
ติ๊กต็อก	tiktok
ตัน	ton
ทีลไลต์	teallite
โทแพโซไลต์	topazolite
เทามาไซต์	thaumasite
ไททาไนต์	titanite
ทรัมเป็ต	trumpet
ทรอมโบน	trombone
เทรนด์	trend
ทอฟฟี่เค้ก	toffee cake
ไทเทรต	titrate
แทเมอรูไกต์	tamarugite
เทรน	train
เทนเซ็นต์	tencent
ไททันออไจต์	titanaugite
แท็บ	tab
เทนแนนไทต์	tennantite
เทคนิก	technic
เทอร์โมไดนามิกส์	thermodynamics
ทอร์นาโด	tornado
ทังสเตน	tungsten
เทแรโนดอน	pteranodon
โทมัส ทูเคิ่ล	thomas tuchel
ทาฟ์ไฟต์	taaffeite
ทีมเวิร์ก	team work
ทินคัลโคไนต์	tincalconite
เทมเพล็ต	template
เทรโมไลต์	tremolite
แทลเลียม	thallium
ทรานซิสเตอร์	transistor
ทียูยามูไนต์	tyuyamunite
แทนเจนต์	tangent
โทแพซ	topaz
แท็บเล็ต	tablet
ทอเรียไนต์	thorianite
เทอม	term
แทกไฮไดรต์	tachhydrite
ทวีต	tweet
ทีซีดีซี	tcdc
ทรีตเมนต์	treatment
โทรนา	trona
แทนซาไนต์	tanzanite
เททราฮีไดรต์	tetrahedrite
แทมารินด์	tamarind
ทีเอ็นที	tnt
ทริดิไมต์	tridymite
โทะเซะกิ	toseki
เทลลูเรียม	tellurium
ทิแรนโนซอรัสเร็กซ์	tyrannosaurus rex
ท็อปปิก	topic
ไทรกลีเซอไรด์	triglyceride
แทร็ก	track
เทนาร์ไดต์	thenardite
ทีวี	tv
แท็กซี	taxi
เทรด	trade
ทอเรียม	thorium
เทนนิส	tennis
เทอร์เบียม	terbium
ทอโรกุม์ไมต์	thorogummite
แทพิโอไลต์	tapiolite
ทรู	true
ทูริงไกต์	thuringite
ทอนซิล	tonsil
ทูนา	tuna
ทวิสต์	twist
โทมัส	thomas
ไทรฟิไลต์	triphylite
ทองแดง	copper
ทอล์กโชว์	talk show
ทีออเรทิคัล	theoretical
เทนอไรต์	tenorite
ทับทิม	ruby
ไทร-เฟล็กซ์	triflex
ท็อกซิก	toxic
ทิงเจอร์	tincture
ไทรอยด์	thyroid
ทิน	tin
ไทเทเนียม	titanium
แท็กซี่	taxi
ท็อฟฟี่	toffee
ทอร์เบอร์ไนต์	torbernite
ทวิตเตอร์	twitter
ไทไคต์	tychite
โทเคน	token
เทป	tape
โทน	tone
เทกแคร์	take care
ทีวี ไดเร็ค	tv direct
เทก	take
ทัวร์มาลีน	tourmaline
ทรูคอฟฟี่	true coffee
แทนทาลัม	tantalum
เทกนิค	technic
ทูไลต์	thulite
เทนิโอไลต์	tainiolite
ทวีดเลดดัม	tweedledum
ทัวร์	tour
ทอปปิก	topic
เทมเพลต	template
ทิชชู	tissue
เทอร์โมมิเตอร์	thermometer
เทอร์โมเนไทรต์	thermonatrite
ทาร์บุตไทต์	tarbuttite
ทินคัล	tincal
เทคนิเกิลน็อกเอาต์	technical knock out
เทเลโฟโต้	telephoto
ทัลก์	talc
ทูเนลไลต์	tunellite
ไทม์	time
เทคโนโลยี	technology
เนเชอร์	nature
โนเวลล์	novell
นิกเกิล	nickel
เนปทูไนต์	neptunite
นาร์ซาร์ซุไคต์	narsarsukite
เนฟิลีน	nephiline
โนวา	nova
นอต	knot
เน็ตเวิร์ก	network
นิว นอร์มัล	new normal
เนไฟรต์	nephrite
โน้ตบุ๊ก	notebook
นอร์เบอร์ไกต์	norbergite
โนเบเลียม	nobelium
นินเทนโด	nintendo
เนปทูเนียม	neptunium
นิกรอยด์	negroid
โน้ต	note
ไนทราทีน	nitratine
โนเซียน	nosean
ไนโตรเจน	nitrogen
นาโทรจาโรไซต์	natrojarosite
ไนเตอร์	niter
ไนน์ทีน	nineteen
นิวส์	news
โนเบล	nobel
โนซีไลต์	noselite
เน็กไท	necktie
เนปจูน	neptune
โน้ตบุ๊ค	notebook
เนสควิโฮไนต์	nesquehonite
นิกเกไลน์	nickeline
เนียไลต์	nealite
นอร์เวย์	norway
นอยด์	noid
นิวเคลียส	nucleus
เน็ตบุ๊ก	netbook
นาโทรคาลไซต์	natrochalcite
เนทรอน	natron
เนกไท	necktie
เนโทรไลต์	natrolite
เนบิวลา	nebula
นิวตรอน	neutron
นิวเคลียร์	nuclear
นิวนอร์มัล	new normal
ไนเตอร์	nitre
นิโครม	nichrome
น็อกเอาต์	knock out
ไนต์คลับ	night club
นอนโทรไนต์	nontronite
เนไครต์	nacrite
นอไฟต์	knaufite
นีโอดิเมียม	neodymium
เนิร์สเซอรี	nursery
ไนลอน	nylon
เนคเทค	nectec
นิโคติน	nicotine
เนเธอร์แลนด์	nederland
บาลซัม	balsam
แบท	bath
เบด	bed
บิง	bing
บุลลี	bully
บาลด์	bald
บลีป	bleep
บรีฟเคส	briefcase
แบช	bash
บาร์นยาร์ด	barnyard
แบเรียม	barium
บรูไซต์	brucite
แบล็กฟอเรสต์	black forest
แบ็กกราวนด์	background
บีสต์	beast
บอดี้	body
แบบิงทอไนต์	babingtonite
บิกซ์ไบต์	bixbite
แบร์	bear
เบร์โรว์	barrow
บักเกิล	buckle
บาซิโลซอรัส	basilosaurus
แบซาลต์	basalt
แบงควิต	banquet
บาร์จ	barge
เบอลูกา	beluga
แบดเดเลย์ไอต์	baddeleyite
บอร์	boar
บัมเบิลบี	bumblebee
บั๊ก	bug
บุลเลียน	bullion
เบรก	break
บันต์	bunt
เบอร์เกอร์	burger
บัสเติร์ด	bustard
บิไซด์	beside
บูสต์	boost
บูแลนเจอไรต์	boulangerite
บิลต์	built
บล็อก	bloc
บอตเทิล	bottle
บาว	bow
โบแนนซา	bonanza
บาย	bye
แบ็กสเปซ	backspace
บาร์โค้ด	barcode
บัตเลอร์	butler
เบส	base
บัสตี	busty
เบดรูม	bedroom
แบ็กสแลช	backslash
บลีนี	blini
บิคอส	because
บัต	but
บินด์ไฮไมต์	bindheimite
โบล	bole
บริก	brick
บ๊อกเซอร์	boxer
บุลลิช	bullish
บริก	brig
แบสซอไนต์	bassanite
เบส	bass
บัส	bus
แบสเก็ต	basket
เบลด	blade
บาร์ด	bard
เบสเมนต์	basement
บิวคอลิก	bucolic
เบตาดีน	betadine
บอร์ด	board
เบสไลน์	baseline
บิฮาล์ฟ	behalf
บูเค	bouquet
บูมเมอร์	boomer
เบลม	blame
บลัด	blood
เบรด	bread
บิล เกตส์	bill gates
บัลกี	bulky
บรูเซอร์	bruiser
เบบี	baby
แบราจ	barrage
บูทีก	boutique
บรอนไซต์	bronzite
บรีฟ	brief
บาร์จี	bargee
บัสซูน	bassoon
บันช์	bunch
บลู	blue
บลัช	blush
บิมโบ	bimbo
เบก	bake
เบลโลว์	bellow
โบร	bro
เบนิฟิต	benefit
แบทีก	batik
บีบ็อป	bebop
แบตเตอรี	battery
เบดรุม	bedroom
โบลด์	bold
บิลล์	bill
บิสโตร	bistro
บุ๊กมาร์ก	bookmark
เบิร์น	burn
บัมปี	bun
เบดร็อก	bedrock
แบลงกิต	blanket
แบนแยน	banyan
โบว์	bow
บะบูน	baboon
บัดดี	buddy
บะนอฟฟี	banoffi
แบนด์	band
บีช	beech
บิต	bit
โบรช	brooch
บิโฮลด์	behold
โบลีไอต์	boleite
บ็อกซิง	boxing
เบนด์	bend
แบ็กไฟเออร์	backfire
บรูไคต์	brookite
แบงเค็ต	banquette
เบย์ลโดไนต์	bayldonite
บรันช์	brunch
โบรมีน	bromine
เบรี	bury
ไบต์	bite
แบ็กแกมมอน	backgammon
เบต	bait
เบรกแดนซ์	break dance
บลิซเซิร์ด	blizzard
บีบีซีเวิลด์	bbc world
บัซ	buzz
บูต	boot
บุลิเมีย	bulimia
แบดจ์	badge
บาร์เบอร์	barber
เบริลโลไนต์	beryllonite
บาร์คีวิไคต์	barkevikite
บอแร็กซ์	borax
บอลด์วิน	baldwin
บิลอง	belong
แบ็กไลต์	backlight
บราโว	bravo
เบลส	bless
บิงโก	bingo
บิกิน	begin
บียอนด์	beyond
แบร์รีมอร์	barrymore
บรีช	breach
บิลเดอร์	builder
บรอยล์	broil
บาร์เตอร์	barter
แบรนช์	branch
เบ็กคัม	beckham
เบียร์ด	beard
แบรนด์	brand
บัฟเฟอร์	buffer
ไบโอเดตา	biodata
บิน	bin
บาสต์เนไซต์	bastnaesite
โบนัส	bonus
บอร์โรว์	borrow
แบดเจอร์	badger
แบลนดิฃ	blandish
บอร์โนไนต์	bournonite
แบลลัสต์	ballast
แบนทัม	bantam
แบลค์เมล์	blackmail
บรอล	brawl
เบ็ก	beck
บรอดแบนด์	broadband
บล็อต	blot
บราวนี	brownie
บอมบาร์ด	bombard
เบซิล	basil
บิลีฟ	belief
บลัดดี	bloody
บรานช์	branch
บิไนน์	benign
บิซาร์	bizarre
เบิร์ทเดย์	birthday
เบซัล	basal
ไบรน์	brine
บูลีเมีย	bulimia
โบห์เรียม	bohrium
บาลด์วิน	baldwin
แบง	bang
เบร์	bare
บัซเวิร์ด	buzzword
โบ	beau
เบนสตอไนต์	benstonite
แบรน	bran
บลาร์นีย์	blarney
บรูเออรี	brewery
บาร์เทนเดอร์	bartender
ไบโอดีเซล	biodiesel
บลิส	bliss
แบงก์	bank
บาย	buy
เบลอร์	blur
เบริลเลียม	beryllium
บายพาส	bypass
บัต	butt
บูตเลก	bootleg
บอร์น	bourne
บาร์กิน	bargain
บีช	beach
แบร์รี	barry
บอราไซต์	boracite
บาว	bough
บริล	brill
เบิร์ด	bird
เบ็กเคอเรล	becquerel
บลูทูธ	bluetooth
แบล็กเบร์รี	blackberry
แบร์แบ็ก	bareback
บิคัม	become
เบน	bane
เบล	bail
โบลต์	bolt
บูตส์	boots
บิทวีน	between
บิทคอยน์	bitcoin
แบไรต์	barite
บิลด์	build
บุลดอก	bulldog
บล็อบ	blob
เบาต์	bout
บารีสตา	barista
บัลลูน	balloon
แบลนช์	blanch
บุลเวิร์ก	bulwark
บัตแทเลียน	battalion
บาร์แบเรียน	barbarian
บูกี	boogie
เบโอแบบ	baobab
บาร์ก	bark
เบอร์เซิร์ก	berserk
แบสก์	bask
บอลซี	ballsy
บรอว์ล	brawl
บุลลิต	bullet
บารอมิเตอร์	barometer
บิวท์อิน	builtin
บิลเลียน	billion
แบลงก์	blank
โบลว์	blow
แบ็กเวิร์ด	backward
บัก	buck
เบอร์มิวดา	bermuda
บอนด์	bond
เบลนด์	blend
บรัฟ	bruv
บิวเกิล	bugle
ไบรต์	bright
บัมฟ์	bumf
บีทาไฟต์	betafite
บุฟเฟต์	buffet
เบรกดาวน์	breakdown
แบมบูเซิล	bamboozle
บอลซัม	balsam
บรีออช	brioche
แบ็กแฮนด์	backhand
บันจี	bungee
บูเคต์	bouquet
ไบโนเมียล	binomial
บิตคอย	bitcoin
บังกะโล	bungalow
เบย์	bay
บีสก์	bisque
แบรนดิช	brandish
บุกกิง	booking
บาท	bath
แบซิล	basil
แบด	bad
บะซูกา	bazooka
เบลซ	blaze
เบลต์	belt
เบอร์ลิไนต์	berlinite
บลีด	bleed
เบลสซิง	blessing
บริดจ์	bridge
แบงค์	bank
บีม	beam
บลูเรย์	bluray
บาร์เบอร์ช็อป	barbershop
บักช็อต	buckshot
บุตเชอร์	butcher
บลีต	bleat
บูกีแมน	boogeyman
แบรนเนอไรต์	brannerite
แบรเคียซอรัส	brachiosaurus
บิฟอร์	before
บอนบอน	bonbon
บรอกโคลี	broccoli
เบตา	beta
บิเทก	betake
บรอนซ์	bronze
บีเวอร์	beaver
ไบโทว์ไนต์	bytownite
แบนด์วิดท์	bandwidth
แบซิลิสก์	basilisk
บลูมเบิร์ก	bloomberg
บาล์ม	balm
เบรสต์	breast
เบต้า	beta
บัลก์	bulk
ไบเดลไลต์	beidellite
บลิสเตอร์	blister
บอมบ์	bomb
เบเนฟิต	benefit
แบบูน	baboon
บอล	ball
บรูโน	bruno
บอดี	body
บรูเน็ต	brunette
ไบโอไทต์	biotite
บิก	big
บอมบาเดียร์	bombardier
โบต	boat
บัตเตอร์	butter
เบร์รี	berry
โบรมาร์จิไรต์	bromargyrite
บิลีฟ	believe
บักกี	buggy
บิวตีบล็อกเกอร์	beauty blogger
บอนไฟเออร์	bonfire
บรีโอ	brio
บีตา	beta
บรา	bra
แบ็กยาร์ด	backyard
เบลช์	belch
บาลซา	balsa
เบร์รี	barry
บอยแบนด์	boy band
บุล	bull
บาสกิต	basket
บูสเตอร์	booster
แบลโคนี	balcony
เบลาส์	blouse
บูเมอแรง	boomerang
เบร์รีมอร์	barrymore
บิสนิส	business
บอกซ์	box
โบลต	bloat
บ็อกไซต์	bauxite
บราวเซอร์	browser
บิแฮล์ฟ	behalf
เบเกิล	bagel
บุช	bush
บิเฮฟ	behave
บูน	boon
โบว์ลิง	bowling
บลิงก์	blink
เบอร์ทิไรต์	berthierite
บลูทูท	ฺbluetooth
บลีก	bleak
บลิตซ์	blitz
เบราไนต์	braunite
เบนช์	bench
โบกีแมน	bogeyman
แบตเตอรี่	battery
แบสเติร์ด	bastard
แบมบู	bamboo
เบลูกา	beluga
บลูพรินต์	blueprint
บีไฮฟ์	beehive
บีด	bead
เบกเกอร์	beggar
บี	bee
เบอเราไนต์	beraunite
เบรดไลน์	breadline
บ็อกซ์	box
แบลนด์	bland
บาร์เบล	barbell
เบเกอรี	bakery
แบริง	bearing
บัซเซิร์ด	buzzard
บราย	braai
บะราจ	barrage
บลูม	bloom
บีกเกอร์	beaker
แบ็กแพ็ก	backpack
บิลบอร์ด	billboard
บรูด	brood
บาสเกตบอล	basketball
บรีซ	breeze
บัลเวิร์ก	bulwark
บรุม	broom
บิสไตรด์	bestride
เบรนสตอร์ม	brainstorm
แบระคูดา	barracuda
เบอห์ไมต์	boehmite
บักวีต	buckwheat
เบอร์ไคต์	burkeite
เบิร์นเนอร์	burner
เบอร์นิช	burnish
บรองโค	bronco
เบลเซอร์	blazer
เบร์ฟุต	barefoot
บองก์บัสเตอร์	bonkbuster
บัสบอย	busboy
บอดี้การ์ด	bodyguard
บาสก์	bask
บุ๊กส์	book
เบนช์มาร์ก	benchmark
บิสมัท	bismuth
เบานซ์	bounce
บอส	boss
เบเคอไรต์	bakerite
เบอร์คีเลียม	berkelium
แบนแดนา	bandana
เบรกดานซ์	break dance
บัมเบิล	bumble
บิเมนไทต์	bementite
เบจ	beige
บิลต์อิน	builtin
บัมป์	bump
แบร์	bare
บีทีเอส	bts
บัดจี	budgie
บาร์เลย์	barley
บลานช์	blanch
เบลลี	belly
บัม	bum
บรูเวอรี	brewery
เบียร์	beer
บริสกิต	brisket
บริลเลียนซ์	brilliance
โบน	bone
บล็อกบัสเตอร์	blockbuster
บอนนิต	bonnet
บินจ์	binge
แบนฃี	banshee
บล็อก	block
เบสบอล	baseball
แบนิช	banish
แบ็กอัป	backup
เบก	beg
บุ๊ก	book
บิเทรย์	betray
แบลลัด	ballad
บูท	booth
โบ	bow
บิคีนี	bikini
บองก์	bonk
บัฟ	buff
เบอร์แบนไคต์	burbankite
เบคอน	bacon
เบริง	bearing
เบอร์ดี	birdie
บัลเลต์	ballet
เบร์แบ็ก	bareback
เบริล	beryl
แบราโทไวต์	baratovite
บลอนด์	blonde
บอสซาโนวา	bossa nova
บราว	brow
บันนี	bunny
บรูช	brooch
บอลรูม	ballroom
บริเกด	brigade
บีบีซี	bbc
บาสเติร์ด	bastard
แบนเนอร์	banner
บิสมูไทต์	bismutite
แบร์ฟุต	barefoot
แบงเคว็ต	banquet
บริง	bring
บิสเนส	business
แบ็กอัป	back up
บักแบร์	bugbear
เบ็ตเตอร์	better
เบนิโทไอต์	benitoite
แบล็ก	black
บีเกิล	beagle
บักเบร์	bugbear
บอลด์	bald
บรัมบี	brumby
แบนดิต	bandit
บุก	book
บอยค็อต	boycott
ไบนารี	binary
บิตคอยน์	bitcoin
โบรชัวร์	brochure
แบ็ปทอร์นิส	baptornis
บีตรูต	beetroot
บราซิเลียไนต์	brazilianite
บันเดิล	bundle
บริลเลียนต์	brilliant
ไบรบ์	bribe
ไบต์	byte
โบวีไนต์	bowenite
บอยเลอร์	boiler
บราวน์	brown
บับเบิล	bubble
บะโลนี	baloney
โบโซ	bozo
บลิงริง	bling ring
เบอร์เกอไรต์	buergerite
แบน	ban
เบซิส	basis
แบลนดิช	blandish
เบิร์ดซอง	birdsong
บรัช	brush
เบรฟ	brave
บาร์	bar
บัสบี	busby
บัสไทต์	bastite
บัซเซอร์	buzzer
บราส	brass
แบร์โรว์	barrow
เบรซ	brace
แบซอลต์	basalt
บิเฮด	behead
เบสต์	best
เบรน	brain
บิกินเนอร์	beginner
บังก์	bunk
บล็อก	blog
แบนชี	banshee
บล็อค	block
โบสต์	boast
บาร์บ	barb
เบนซีน	benzene
บรอน	brawn
แบคทีเรีย	bacteria
บรูส	bruise
บิซี	busy
บอง	bong
บรูต	brute
บัน	bun
เบร์ฮัก	bearhug
แบนทัมเวต	bantamweight
บิสก์	bisque
บัด	bud
บรั่นดี	brandy
โบรอน	boron
เบระคูดา	barracuda
บิไฮนด์	behind
เบอร์เนสไซต์	birnessite
บีต	beet
แบร์ฮัก	bearhug
บีป	beep
บักเกอร์	bugger
บาร์โคด	bar code
บริงก์	brink
บอกซิง	boxing
บรูสเก็ตตา	bruschetta
แบร็ต	brat
บลูเบอร์รี	blueberry
แบ็กโฮ	backhoe
บัมปี	bumpy
บังเกอร์	bunker
โปรเตสแตนต์	protestant
ปิกนิก	picnic
โปรแทรกเตอร์	protractor
ปรินเตอร์	printer
ป๊อปคอร์น	popcorn
โป๊ป	pope
แปซิฟิก	pacific
เปอร์เซ็นต์	percent
โปสต์การ์ด	postcard
ปิงปอง	pingpong
โปรตอน	proton
เป๊ปซี่	pepsi
โปรเจคต์	project
โปรเจกต์	project
ปลั๊ก	plug
โปรโตคอล	protocol
โปรเจ็ค	project
โปรตีน	protein
ปอนด์	pound
โปรเจค	project
โป๊กเกอร์	poker
ปิโตรเลียม	petroleum
เป๊ก	peg
ไป่ตู้	baidu
ปริซึม	prism
ป๊อป	pop
ปรอท	mercury
โปลิโอ	poliomyelitis
โปรไฟล์	profile
เพรส	prase
แพดพาแรดชา	padparradscha
เพอร์พูไรต์	purpurite
พาราว็อกไซต์	paravauxite
พาโกไดต์	pagodite
ไพโรออไรต์	pyroaurite
พาสเวิร์ด	password
พาวเวอร์	power
พอลล่า	paula
แพ็กเกจจิง	packaging
พลัมบาโก	plumbago
พาราฟิน	paraffin wax
พร็อป	prop
พอลิลิทิโอไนต์	polylithionite
พรีเมียร์	première
พิโครเมอไรต์	picromerite
เพกทิน	pectin
ไพไรต์	pyrite
พินโนไอต์	pinnoite
เพียร์ทูเพียร์	peer to peer
เพนต์เฮาส์	penthouse
แพราซอรอโลฟัส	parasaurolophus
พัฟ	puff
พลาสติก	plastic
พิกเซล	pixel
พิกอัป	pickup
พาราดาไมต์	paradamite
พาราโกไนต์	paragonite
พอดคาสต์	podcast
พิร์โรไทต์	pyrrhotite
พ็อกเกตบุ๊ก	pocket book
พรีเมียม	premium
พรีเซนเตอร์	presenter
โพรเซส	process
ไพโรมอร์ไฟต์	pyromorphite
พ็อปคอร์น	popcorn
พรีเวดดิ้ง	prewedding
แพลเลเดียม	palladium
แพสชัน	passion
พาสต้า	pasta
แพลนต์	plant
พาราซิมพลิไซต์	parasymplesite
ไพโรคลอร์	pyrochlore
เพอร์เฟ็กชันนิสต์	perfectionist
พ็อป	pop
พรีเมียร์	premier
พิตช์เบลนด์	pitchblende
แพลิกอร์สไกต์	palygorskite
เพาเวลไลต์	powellite
ไพทอน	python
พอร์ตโฟลิโอ	portfolio
พิโคไทต์	picotite
เพอร์เฟ็กต์	perfect
เพลซ	place
แพลนชีไอต์	plancheite
แพรซิโอดิเมียม	praeseodymium
โพรดักชันส์	productions
เพริดอต	peridot
พรีเมียร์	premiere
แพลตต์เนอไรต์	plattnerite
ไพโรลูไซต์	pyrolusite
แพนเดอร์ไมต์	pandermite
พอร์ต	port
โพรมีเทียม	promethium
พรีเซนท์	present
พิตบูลเทอร์เรีย	pit bull terrier
เพรซีโอดิเมียม	praseodymium
แพชชั่น	passion
แพริไซต์	parisite
โพรไฟล์	profile
เพรเมียร์	première
พลูโต	pluto
พิซซา	pizza
ไพโรป	pyrope
โพแทสเซียม	potassium
พิก	pick
แพรรี่ด็อก	prairie dog
พาร์ทไทม์	part time
แพลเนต	planet
พ็อปพิวลาร์	popular
พาเมล่า	pamela
พอดแคสต์	podcast
โพสต์ทูเดย์	post today
พรีห์ไนต์	prehnite
เพอรอฟสไกต์	perrovskite
พาร์ตไทม์	parttime
แพคิเซฟาโลซอรัส	pachycephalosaurus
พริเซนเตอร์	presenter
แพรรีด็อก	prairie dog
โพรโทแอกทิเนียม	protoactinium
พริเซนต์	present
พาพาโกไอต์	papagoite
พิดมอนไทต์	piedmontite
ไพราร์จีไรต์	pyrargyrite
แพ็ก	pack
พิตบุล	pit bull
พิจิโอไนต์	pigeonite
โพสต์	post
พรินต์	print
พรีเซนเทชัน	persentation
พีก	peak
เพรเมียร์	premier
แพนเค้ก	pancake
โพรเซสเซอร์	processor
พ็อดคาสต์	podcast
เพนเทียม	pentium
ไพรไซต์	priceite
พูเซอไรต์	pucherite
โพรโทเซราท็อปส์	protoceratops
พลูโทเนียม	plutonium
ไพรด์	pride
พ็อดแคสต์	podcast
ไพโรฟิลไลต์	pyrophyllite
เพนิซิลลิน	penicillin
พาราโบลา	parabola
ไพรม์ไทม์	prime time
ุโพสต์	post
พลาสมา	plasma
พลีโอนาสต์	pleonaste
เพเลคานิไมมัส	pelecanimimus
พีช	peach
พาพรีกา	paprika
พิตชิงเวดจ์	pitching wedge
เพกโทไลต์	pectolite
เพลย์	play
พัมเพลล์ไยต์	pumpellyite
แพตเทิร์น	pattern
พิกซาร์	pixar
เพนต์แลนไดต์	pentlandite
พอโลเนียม	polonium
เพนนิไนต์	peninte
พาร์ตเนอร์	partner
พอลิเมอร์	polymer
พาสตา	pasta
เพอร์เฟกชันนิสต์	perfectionist
พอลิเฮไลต์	polyhalite
โพรเบอร์ไทต์	probertite
เพริเคลส	pariclase
โพรโมต	promote
โพแทช	potash
พ็อปอัป	pop up
เพรเมียร์	premiere
เพอร์เฟกต์	perfect
พอเลียไนต์	polianite
แพลน	plan
โพซิตรอน	positron
พอลลูไซต์	pollucite
พาสปอร์ต	passport
พริตตี	pretty
เฟรมเวิร์ค	framework
ฟายาไลต์	fayalite
โฟโต้ชอป	photoshop
ฟรีเดไลต์	friedelite
ฟาวล์	fowl
ฟิล์ม	film
โฟน	phone
ฟาร์ม	farm
ฟาลคอน	falcon
เฟอร์เบอไรต์	ferberite
แฟกซ์	fax
ฟรุตสลัด	fruit salad
เฟสบุค	facebook
ฟลามิงโก	flamingo
ฟุกไซต์	fuchsite
ฟุลกาไรต์	fulgarite
ไฟร์ฟอกซ์	firefox
เฟซบุ๊ก	facebook
ฟิสิกส์	physics
เฟร์โรนาไทรต์	ferronatrite
ฟูมิโอะ คิชิดะ	岸田文雄
ฟอร์มาลิน	formalin
ฟลอร์	floor
แฟรนเซียม	francium
เฟาจาไซต์	faujasite
แฟนคลับ	fan club
ฟิตติง	fitting
ฟลูก	fluke
แฟนเพจ	fanpage
ฟลูออไรต์	fluorite
โฟโตอิเล็กทริก	photoelectric
เฟลด์สปาทอยด์	feldspathoid
ฟีลด์	field
ไฟลต์	flight
ฟอร์มาลดีไฮด์	formaldehyde
เฟอร์เมียม	fermium
แฟลต	flat
ฟีเดลอไรต์	fiedlerite
ฟลูออร์อะพาไทต์	fluorapatite
ฟลอร์เอ็กเซอร์ไซส์	floor exercise
เฟเนไคต์	phenakite
ฟลูโอบอไรต์	fluoborite
โฟตอน	photon
เฟอร์นิเจอร์	furniture
แฟนด้อม	fandom
ฟรี	free
โฟกัส	focus
เฟอร์ไรต์	ferrite
เฟร์โรเกลาโคเฟน	ferroglaucophane
เฟิร์น	fern
ฟิลลิปไซต์	phillipsite
ฟาร์มาโคซิเดอไรต์	phamacosiderite
เฟรนด์	friend
เฟร์โรอีเดไนต์	ferroedenite
ฟูด	food
ฟาสซิสต์	fascist
แฟลร์	flare
ฟาสต์เลน	fast lane
ฟิวส์	fuse
ฟลูออร์สปาร์	fluorspar
ไฟเซอร์	pfizer
ไฟล์	file
ฟอลโลว์	follow
เฟนไกต์	phengite
เฟลด์สปาร์	feldspar
ไฟโบรไลต์	fibrolite
โฟลเรนไซต์	florencite
ไฟต์	fight
ฟอลคอน	falcon
ฟอสจีไนต์	phosgenite
ไฟเบอร์	fiber
ไฟร์วอลล์	firewall
ฟอสเฟต	phosphate
ฟุลสแก๊ป	foolscap
เฟอร์นิเชอร์	furniture
แฟรงคีไอต์	franckeite
โฟลโกไพต์	phlogopite
ฟลูออโรริชเทอไรต์	fluororichterite
ฟาทอม	fathom
ฟีดแบ็ก	feedback
แฟรนโคไลต์	francolite
ฟุตพาท	footpath
ฟลินต์	flint
ฟอร์สเตอไรต์	forsterite
เฟรนช์ฟรายส์	french fries
ฟลูโอซีไรต์	fluocerite
ฟอสฟูแรนิไลต์	phosphuranylite
ฟาร์มาโคไลต์	pharmacolite
เฟซบุ๊ก	facebook   
ไฟร์ฟ็อกซ์	firefox
โฟลว์	flow
ฟอสฟูฟิลไลต์	phosphophyllite
เฟอร์รารี่	ferrari
เฟิน	fern
เฟซบุค	facebook
แฟรงคลิไนต์	franklinite
ฟังก์ชั่น	function
ฟุตบอล	football
แฟนมีต	fanmeet
ไมโครมิเตอร์	micrometer
แมนยู	man u
แมงกานิน	manganin
มายองเนส	mayonnaise
เมลาไนต์	melanite
เมล	mail
ไมโครไลต์	microlite
มายเซ็ท	mindset
มีตแอนด์กรีต	meet and greet
มอเตอร์	motor
มิเกล เด เซร์บันเตส	miguel de cervantes
มิลลิบาร์	millibar
แมตช์	match
มายเซ็ต	mindset
แมกฮีไมต์	maghemite
มัสตาร์ด	mustard
มะกะโรนี	macaroni
ไมโครซอฟท์	microsoft
เมอร์คิวรี	mercury
โมเดล	model
ไมโครเวฟ	microwave
แมกนีไทต์	magnetite
เมลาโนโฟลไกต์	melanophlogite
โมไบล์	mobile
มอคค่า	mocha
เมตริกตัน	metric ton
มองโกเลีย	mongolia
มิเมไทต์	mimetite
มาร์ไทต์	martite
แมคเวจ	mcwage
มัสโคไวต์	muscovite
แมงกานีส	manganese
มอยส์เชอไรเซอร์	moisturizer
มาร์เวล	marvel
มุลไลต์	mullite
มีม	meme
มายด์เซต	mindset
มาริโอ้ เมาเร่อ	mario maurer
มาร์กาไรต์	margarite
แมงกาไนต์	manganite
เมตริก	metric
เมตาเวิร์ส	metaverse
แมชีน เลิร์นนิ่ง	machine learning
แมยิสเตร็ด	magistrate
แมมมอท	mammoth
มัสลิน	muslin
ไมโครเพอร์ไทต์	microperthite
โมนาไซต์	monazite
แมลโดไนต์	maldonite
เมนู	menu
โมบาย	mobile
มอนทิบราไซต์	montebrasite
เมโซไลต์	mesolite
แมกเฟอร์ซอไนต์	macphersonite
แม็กเคอเรล	mackerel
โมโตโรลา	motorola
เมนโดไซต์	mendozite
มิเมทีไซต์	mimetesite
เมกเกอร์	maker
มาเลย์ไอต์	malayaite
มอร์นิง	morning
มาร์คาไซต์	marcasite
เมทาทอร์เบอร์ไนต์	metatorbernite
เมทานอล	methanol
ไมอาร์จิไรต์	miargyrite
เมตา	meta
โมเด็ม	modem
โมโนแซ็กคาไรด์	monosaccharide
มัลแวร์	malware
มีต	meet
แม็ตช์	match
โมเดิร์น	modern
มิสเตอร์	mr.
ไมกา	mica
เมาส์	mouse
มิลก์	milk
แมงแกนแบบิงทอไนต์	manganbabingtinite
เมทาซูเนอไรต์	metazeunerite
แมชชีนเลิร์นนิง	machine learning
มักกะโรนี	macaroni
ไมต์เนเรียม	meitnerium
เมนบอร์ด	mainboard
แมนซิตี้	man city
มองโกลอยด์	mongoloid
มรกต	emerald
แมกนีเซียม	magnesium
มอลต์	malt
แมโคร	macro
แมทชีน เลินนิ่ง	machine learning
มินาสเจไรไซต์	minasgeraisite
เมสเซจ	message
มิสเตอร์บีน	mr. bean
มอกเทซูไมต์	moctezumite
มัทฉะ	matcha
มิเนียม	minium
มิลาไรต์	milarite
มิลค์	milk
มาร์เก็ต	market
มอร์ฟีน	morphine
โมเมนต์	moment
มาร์มาไทต์	marmatite
มอตทราไมต์	mottramite
ไมล์	mile
มอเตอร์ไซค์	motorcycle
เมนเดลีเวียม	mendelevium
เมกอัป	makeup
มาร์จิน	margin
แมค	mac
โมเดอร์นา	moderna
มาร์ติน ลูเธอร์ คิง	martin luther king
มอนทิเซลไลต์	monticellite
แมกาซีน	magazine
เมทาวาริสไซต์	metavariscite
เมเนกิไนต์	meneghinite
โมลิบดีนัม	molybdenum
มิกไซต์	mixite
เมทาออทูไนต์	metaantunite
มิเตอร์	meter
เมแลนเทอไรต์	melanterite
มิราบิไลต์	mirabilite
เมลิฟาไนต์	meliphanite
มิ้ลค์	milk
เมลิสซ่า	melissa
มอร์เดไนต์	mordenite
เมกะเฮิรตซ์	megahertz
เมนทอล	menthol
เมลิโนเฟน	melinophane
ไมอาซอรา	maiasaura
ไมโครไคลน์	microcline
ไมโครฟิล์ม	microfilm
เมลิซ่า	melissa
มอเรียน	morion
โมเลกุลาร์	molecular
มอนต์มอริลโลไนต์	montmorillonite
มิกซ์	mix
มันนี	money
มัคคิอาโต	macchiato
ม็อบ	mob
แมสซิคอต	massicot
ไมโครโฟน	microphone
เมิร์จ	merge
เมอร์มาไนต์	murmanite
มอยส์ซอไนต์	moissanite
มาร์ช แฮร์	marsh hair
มาดริด	madrid
มาริโอ	mario
โมฮาไวต์	mohavite
เมนเฟรน	mainframe
ยิมนาสติก	gymnastic
ยีสต์	yeast
ยูเรนัส	uranus
ยิปซัม	gypsum
ยูนิคอร์น	unicorn
ยูนาไคต์	unakite
ยูเรเชีย	eurasia
ยูเวนตุส	juventus
ยูทูบเบอร์	youtuber
ยูโรเพียม	europium
ยีน	jean
ยูเอสบี	usb
ยูเคลส	euclase
ยูดิดิไมต์	eudidymite
ยูเลกไซต์	ulexite
ยีนส์	jeans
ยาฮู	yahoo
ยุกสพอไรต์	yuksporite
ยูทูบ	youtube
ยูฟ่า	uefa
ยุโรป	europe
ยูราโนแทนทาไลต์	uranotantalite
ยูซีไนต์	euxenite
ยอร์ช	yacht
เยอรมนี	germany
ยอช์ต	yacht
ยูรานอเซอร์ไคต์	uranocircite
ยูไวต์	uvite
ยูเนี่ยนเพาเวอร์	union power
ยูโทเปีย	utopia
แย็บ	jab
ยูเรนิไนต์	uraninite
ยูนิต	unit
เยลลี	jelly
ยูเรเนียม	uranium
ยูทาห์ไลต์	utahlite
ริบบิ้น	ribbon
แรบโดเฟน	rhabdophane
เรอัล มาดริด	real madrid
แร็ปเปอร์	rapper
เรตติ้ง	rating
แร็พเปอร์	rapper
แร็กคูน	raccoon
โรโดโครไซต์	rhodochrosite
รีนิไอต์	rheniite
โรบัสตา	robusta
รีสอร์ท	resort
โรแซไซต์	rosasite
รีเควสต์	request
แร็ป	rap
โรเบิร์ต	robert
โรมาเนไคต์	romanechite
รีทวีต	retweet
ริชาร์ด	richard
ริชเทอไรต์	richterite
รูไทล์	rutile
รัมมี่	rummy
รูบิเดียม	rubidium
รีพลาย	reply
โรดิไซต์	rhodizite
รีสอร์ต	resort
ริเชิร์ด	richard
รีแลกซ์	relax
ริคาร์โด คาร์เรเร	ricardo carrere
โรโดไนต์	rhodonite
แรลลี่	rally
แรม	ram
เรดอน	radon
ร็อกบริดไจต์	rockbridgeite
รีไซเคิล	recycle
รีเฟรช	refresh
ไรย์	rye
รูเล็ตต์	roulette
แรมเมลส์เบอร์ไกต์	rammelsbergite
เรไอต์	raite
แรป	rap
รีดักชัน	reduction
รีสตาร์ต	restart
รัทเทอร์ฟอร์เดียม	rutherfordium
ร็อตเตอร์ดัม	rotterdam
รีเบกไคต์	riebeckite
โรเซไลต์	roselite
รูมเมท	roommate
เรซซิง	racing
โรมันคาทอลิก	roman catholic
โรโดไลต์	rhodolite
รักบี้	rugby
แรสป์เบร์รี	raspberry
โรบอต	robot
แรมส์เดลไลต์	ramsdellite
ริคาร์โด	ricardo
โรมัน	roman
ไรเดอร์	rider
ร็อก	rock
เรเนียไรต์	renierite
รูเบลไลต์	rubellite
เรเดียม	radium
เรซ	race
รีเนียม	rhenium
แร็กเกต	racket
เรดแฮท	red hat
รีม	ream
ลิทิโอฟอไรต์	lithiophorite
แลมโพรโบไลต์	lamprobolite
ลาเท็กซ์	latex
แล็กเตต	lactate
ล็อก	lock
ลาซูไลต์	lazulite
ล็อกเกต	locket
เลโอไนต์เลโอไนต์	leonite
ลิตมัส	lithium
แล็กติก	lactic
ไลฟ์โค้ช	life coach
เลนส์	lens
ลิเทียม	lithium
ลีแกรนไดต์	legrandite
ลองจิจูด	longitude
แล็ป	lab
ลิมิติดอิดิชัน	limited edition
ลิกไนต์	lignite
เลามอนไทต์	laumontite
ลีไฟต์	leifite
ลินิน	linen
เลวูโลส	laevulose
ลูซอไนต์	luzonite
ล็อตเตอรี	lottery
ลอว์เรนเซียม	lawrencium
ลอสเองเจิลลิส	los angeles
โลจิสติกส์	logistics
ลุก	look
ลาวา	lava
แล็กเทต	lactate
ล็็อก	lock
เลดฮิลไลต์	leadhillite
ลูโคเฟไนต์	leucophanite
ลูไซต์	leucite
ลอริมา	lorimar
ลินาไรต์	linarite
เลานจ์	lounge
เลาไอต์	laueite
ลูน่า	luna
ลุดวิไกต์	ludwigite
แล็ปท็อป	laptop
ลาซูไรต์	lazurite
ลาเวนเดอร์	lavender
ล็อบบี้	lobby
ลูโคเฟน	leucophane
เลเซอร์	laser
ลิปสติก	lipstick
แล็บ	lab
แล็กโทส	lactose
ลิเบเทไนต์	libethenite
แล็กเกอร์	lacquer
ลิงก์	link
ไลก์	like
เลาทาไรต์	lautarite
แลนด์	land
ลอว์ซอไนต์	lawsonite
เลคอนไทต์	lecontite
เล็กเชอร์	lecture
ลาร์เดอเรลไลต์	larderellite
ไลค์	like
ลิดดิโคไทต์	liddicoatite
แลนทาไนต์	lanthanite
ไลฟ์	live
โลพาไรต์	loparite
ล็อกเกอร์	locker
แลคโตส	lactose
ลิฟต์	lift
แลนทานัม	lanthanum
ลอตเตอรี่	lottery
ละติจูด	latitude
ลิโรคอไนต์	liroconite
เลโอไนต์	leonite
ลินุกซ์	linux
ลอริโอไนต์	laurionite
เลิลลิงไกต์	loellingite
ลอนดอน	london
โลคัล	local
ลูโคซีน	leucoxene
ล็อบบี้ยิสต์	lobbyist
ลางไบไนต์	langbeinite
แล็ก	lag
ลิสติ้ง	listing
ไลน์	line
ไลมอไนต์	limonite
เวลที	wealthy
ไวโอลาไอต์	violaite
วอลล์เพเปอร์	wallpaper
วีดีโอ	video
วิดเจ็ต	widget
วาเลนไทน์	valentine
เว็บเบราว์เซอร์	web browser
วิกิพีเดีย	wikipedia
วิกิ	wiki
วายฟาย	wifi
วัตต์	watt
เว็บไซต์	website
วินโดวส์วิสตา	windows vista
วอร์ไดต์	wardite
เว็บบอร์ด	webboard
ไวโอลิน	violin
เวบไซต์	website
วอลบอร์ไทต์	volborthite
เวโลกาไนต์	weloganite
วาริสไซต์	variscite
วิดีโอ	video
เวอร์ชัน	version
วุลแฟรม	wolfram
เวตเทรนนิง	weight training
วาร์ลามอฟไฟต์	varlamoffite
ไวโอลาน	violan
วิลเลียม	william
เวอร์ดีไลต์	verdelite
วิสกี้	whisky
วุดเฮาไซต์	woodhouseite
วอล์กอิน	walkin
วอลล์เปเปอร์	wallpaper
เวต	weight
เวอร์ชั่น	version
เว็บไซท์	website
วีแชต	wechat
วิตล็อกไทต์	whitlockite
วิลเลไมต์	willemite
วอบเบลอร์	wobbler
แวนต์ฮอฟไฟต์	vanthoffite
วิดิโอ	video
เว็บเซอร์วิส	web service
วิว	view
วาติกัน	vatican
วอฟเฟิล	waffle
วินเทจ	vintage
เวิลด์	world
เวิร์ก	work
เวิร์ตไซต์	wurtzite
วาคอม	wacom
ไวน์	wine
วีซูเวียไนต์	vesuvianite
เวย์น รูนี่ย์	wayne rooney
แวเลนทิไนต์	valentinite
โวลลาสโทไนต์	wollastonite
ว็อกไซต์	vauxite
วูสไทต์	wustite
วิปปิงครีม	whipping cream
วิตามิน	vitamin
วิกิลีกส์	wikileaks
วัคซีน	vaccine
วีต์ไชต์	veatchite
วานาดิไนต์	vanadinite
เวอร์เนอไรต์	wernerite
วุลแฟรไมต์	wolframite
วิลเลจดรัม	village drum
ไวฟาย	wifi
วุลไฟต์	wolfeite
เวอร์ชวล	virtual
เวอร์มิคิวไลต์	vermiculite
วิดีโอคลิป	video clip
ไวโอลาไรต์	violarite
วอนเซไนต์	vonsenite
วอล์กเอาต์	walk out
เวนต์	vent
วอล์ก	walk
วุลฟีไนต์	wulfenite
เวอร์ไดต์	verdite
เวิร์ดโพรเซสเซอร์	word processor
ไวไทต์	whiteite
วาล์ว	valve
เวียดนาม	vietnam
วีก	week
วิดีโอ	vdo
วิเทอไรต์	witherite
วอร์รูม	war room
วินโดวส์	windows
วิสเทค	vistec
ไวรัส	virus
วิกตอเรีย	victoria
เว็บ	web
เวิร์กชอป	workshop
สติบไนต์	stibnite
สยามสปอร์ต ซินดิเคต	siam sport syndicate
สไปก์	spike
สตรอว์เบอร์รี	strawberry
สแตนดี	standy
สปาเกตตี	spaghetti
สวิตช์	switch
สโนว์บอร์ด	snowboard
สปอดูมีน	spodumene
สเปสซาร์ทีน	spessartine
สตรันไซต์	strunzint
สเปอร์ริไลต์	sperrylite
สเป็ก	spec
สแตนไนต์	stannite
สเตโกซอรัส	stegosaurus
สเต๊ก	steak
สกอลิไซต์	scolecite
สเตรนไจต์	strengite
สไลซ์	slice
สวีต	sweet
สฟีน	sphene
สติลไบต์	stilbite
สตูดิโอ	studio
สตรูเวอร์ไรต์	struverite
สมิทซอไนต์	smithsonite
เสิร์ช	search
สกริปต์	script
สแล็ก	slag
สมาร์ตโฟน	smart phone
สเตร็ปโทค็อกคัส	streptococcus
สตรอว์เบร์รี	strawberry
สเปสซาร์ไทต์	spessertite
แสตมป์	stamp
สตัน	stun
สตาร์ตอัป	startup
สปอยล์	spoil
สฟาเลอไรต์	sphalerite
สตันต์แมน	stuntman
สมาร์ตการ์ด	smart card
สเตป	step
สมูทที	smoothie
สตรอนเชียม	strontium
สติโชไวต์	stishovite
สกุตเทอรูไดต์	skutterudite
สเตอร์มาไนต์	sturmanite
สปีดโบต	speedboat
สกูป	scoop
สติชไทต์	stichtite
เสิร์ชเอ็นจิ้น	search engine
สฟีโรโคบอลไทต์	sphaerocobaltite
สแตนดาร์ด	standard
สปอร์	spore
สติบิโคไนต์	stibiconite
สแตนเดิร์ด	standard
สเตซี่ย์	stacy
สเตอรอล	sterol
สโตรโบสโคป	stroboscope
สปริง	spring
สติบิโอแทนทาไลต์	stibiotantalite
สเปอร์ไรต์	spurrite
สแนป	snap
สเตฟาไนต์	stephanite
สติบาร์เซน	stibarsen
สแกโพไลต์	scapolite
สเปกตรัม	spectrum
สไตล์	style
สคัดเดอร์	scudder
สเป็ค	spec
สปายแวร์	spyware
สกอโรไดต์	scorodite
สปอนเซอร์	sponsor
สปาเกตตี	spaghetti 
สปิเนล	spinel
สแคร์โคร์ว	scarecrow
สปอติฟาย	spotify
สเปรย์	spray
สตัฟ	stuff
สแกน	scan
สแกนเดียม	scandium
สวีต	suite
สต็อก	stock
สตริกนิน	strychnine
สเตนเลสสตีล	stainless steel
สป็อตไลต์	spotlight
สกอร์ซาไลต์	scorzaalite
สเปกโทรสโกป	spectroscope
สเตย์	stay
สเลต	slate
สเกตช์	sketch
สตีฟ บัลเมอร์	steve ballmer
สไลด์	slide
สตอร์มเซิร์จ	storm surge
สแควร์รูต	square root
สตีไทต์	steatite
สตู	stew
สติแรโคซอรัส	styracosaurus
สปุตนิก ไลท์	sputnik light
สวิตซ์	switch
สตาร์ทอัพ	startup
สกวิด	squid
สมูทตี้	smoothie
สเวต	sweat
สปา	spa
สมอลไทต์	smaltite
สตอเบอร์รี่	strawberry
เสิร์ชเอ็นจิน	search engine
สตอร์	store
สเปค	spec
สปอต	spot
สแวนเบอร์ไจต์	svanbergite
สมาร์ทโฟน	smart phone
สกี	ski
สมาร์ตโฟน	smartphone
สตาร์ตอัป	startup
สไปซี	spicy
สเปก	spec
สตาร์ต	start
สังกะสี	zinc
สแตฟ	staff
สเตลเลอไรต์	stellerite
สตัฟฟ์	stuff
สมาร์ทโฟน	smartphone
สติกเกอร์	sticker
สกลอดอว์สไกต์	sklodowskite
สารหนู	arsenic
สปอร์ต	sport
โหลด	load
โหวต	vote
หยก	jade
เหล็ก	iron
แอบาโลนี	abalone
อาซาร์	azar
เอ็มบริโอ	embryo
อาร์ก	arc
ออร์บิต	orbit
โอเอส	os
โอดอนโทไลต์	odontolite
แอดดัมส์	addams
เอดิงโทไนต์	edingtonite
แอนทิโกไรต์	antigorite
อินเดียม	indium
แอกทิโนไลต์	actinolite
แอโดเลสเซนซ์	adolescence
แอโลวีรา	aloe vera
ไอพอด	ipod
โอลด์โรส	olg rose
อินจอย	enjoy
อะพาร์ตเมนต์	apartment
อาลดริน	aldrin
ออลดริน	aldrin
อะราบิกา	arabica
อะนอร์โทเคลส	anorthoclase
แอมะซอนสโตน	amazon stone
อะเดล	adele
แองเกิล	angle
แอ็กชัน	action
แอกเซส	access
เอฟบีไอ	fbi
อะแด็ปเตอร์	adapter
แอมบุช	ambush
อาลาการ์ต	a la carte
อาร์โกต์	argot
อินเทล	intel
อินซูลิน	insulin
อูวาโรไวต์	uvarovite
อินเทอร์พรีเตอร์	interpreter
แอนโยไลต์	anyolite
อะโกโกเบล	agogo bell
โอเพ่นซอร์ส	open source
เอฟเฟกต์	effect
อะนิว	anew
อิตเทรียม	yttrium
แอลกอฮอล์	alcohol
อีเมล	email
แอดเวนต์	advent
เอชไอวี	hiv
อิมมิวโนโกลบิวลิน	immunoglobulin
โอบามา	obama
อะตอม	atom
แอสฟัลต์	asphalt
แอควา	aqua
ออไจต์	augite
แอเจิล	agile
เอ๊กซ์	x
แอลจี	lg
แอดเวนเชอร์	adventure
อะแพโทซอรัส	apatosaurus
แอพพลิเคชั่น	application
อ็อปชัน	option
อาร์เซนิก	arsenic
แอลลาไนต์	allanite
อาร์กติก	arctic
อินสตาแกรม	instagram
แอโกนี	agony
เอรีส	aries
แอนาพาไอต์	anapaite
แอนโทฟิลไลต์	anthophyllite
แอนไฮไดรต์	anhydrite
อัลตราไวโอเลต	ultraviolet
อิตเทอร์เบียม	ytterbium
แอปฯ	app
โอพาไลต์	opalite
โอเมกา 3	omega 3
อัลลอย	alloy
อิมพัลส์	impulse
อิลวาไอต์	ilvaite
แอโคไลต์	acolyte
ออสทิไนต์	austinite
ออกซิเจน	oxygen
อะคริลิก	acrylic
อิเล็กตรอน	electron
แอกซิไนต์	axinite
แอโรบิก	aerobic
เอกซเรย์	xray
อีแมกะซีน	emagazine
ออร์พิเมนต์	orpiment
อะลูไนต์	alunite
อาร์มิเจอร์	armiger
แอมโม	ammo
อะนอร์ไทต์	anorthite
อิมัลชัน	emulsion
อิเล็กโทน	electone
แอฟทิทาไลต์	aphthitalite
แอสเตอริสก์	asterisk
อาร์แคไนต์	arcanite
แองเกอร์	anger
อลิซ	alice
เอชทีซี	htc
โอเพนซอร์ส	open source
อัพเกรด	upgrade
เอนทิตี	entity
แอสทาทีน	astatine
อาเรีย	aria
โอเชียน	ocean
ออนซ์	ounce
แองกลีไซต์	anglesite
เอเดรียน	adrian
ออร์กาไนเซอร์	organizer
แอซีทัลดีไฮด์	acetaldehyde
แอนเจไลต์	angelite
อาร์มแชร์	armchair
อะราโกไนต์	aragonite
เอนเจล	angel
เอเจนต์	agent
แอปเปิล	apple
ออร์เซไลต์	orcelite
อาร์เซนัล	arsenal
แอนฟีลด์	anfield
แองเคอร์	anchor
อะมีบา	amoeba
แอบสแตร็กต์	abstract
อิดดิงไซต์	iddingsite
อะดอนิส	adonis
อัปเดต	update
ออกซิเดชัน	oxidation
โอพอล	opal
แอร์บัส	airbus
แองเคอไรต์	ankerite
แอลโลเฟน	allophane
ออฟไลน์	offline
ออนไลน์	online
อินดิเคเตอร์	indicator
เอ็กซ์ตรีม	extreme
แอลิไบ	alibi
อเมซอน	amazon
อินโฟกราฟิก	infographic
เอบราแฮม	abraham
โอโซน	ozone
โอห์มมิเตอร์	ohmmeter
อะกัลมาโทไลต์	agalmatolite
โอลิวีน	olivine
เอบ	abe
อินดิโคไลต์	indicolite
แอนโทนีโอ้	antonio
อารบิก	arabic
อะดูลาเรีย	adularia
อาร์ฟเวดโซไนต์	arfvedsonite
เอลเบไอต์	elbaite
แอนโชวี	anchovy
อิแลสโมซอรัส	elasmosaurus
อิลไลต์	illite
แอดมิน	admin
อะโดบี	adobe
แอพ	app
อีเมลล์	email
เอ็นเอฟที	nft
อังสตรอม	angstrom
เอ็มวี	mv
เอปซอไมต์	epsomite
โอซุมิไลต์	osumilite
เอการ์	agar
แอสเตอรอยด์	asteroid
อาเซียน	asean
อินเนอร์	inner
แอมโมเนีย	ammonia
เอสเอ็มเอส	sms
อาร์คีอ็อปส์เทริกซ์	archaeopteryx
แอมะซอไนต์	amazonite
แอมบิชัน	ambition
เอบราฮัม	abraham
อาร์เซนต์ซูเมไบต์	arsentsumebite
เอทีเอ็ม	atm
อลิสัน	alison
อัปเกรด	upgrade
อีริค ชมิดต์	eric schmidt
โอลิโกเคลส	oligoclase
แอมแปร์	ampere
อะลอง	along
เอเอ็มดี	amd
อิเล็คทรอนิกส์	electronics
เอนไซม์	enzyme
อะโรมา	aroma
แอมบลิโกไนต์	amblygonite
อัพเดท	update
ไอโอที	iot
อาโวคาโด	avocado
เอเคอร์	acre
เอลพิไดต์	elpidite
แอร์รี่	airy
อินโยไอต์	inyoite
อาลมอนด์	almond
อาร์ม	arm
อัลล์มันไนต์	ullmannite
ออริคาลไซต์	aurichalcite
อาควา	aqua
ออร์ไทต์	orthite
ไอบีเอ็ม	ibm
อะโซโพรไอต์	azoproite
อิกวาโนดอน	iguanodon
เอดมอนโทซอรัส	edmontosaurus
แอมนีชา	amnesia
แอสเบสทอส	asbestos
เอไอเอส	ais
อาร์จิโรไดต์	argyrodite
เอ็มเอ็มเอส	mms
แอดิโพส	adipose
แอกนิส	agnes
อวทาร์	avatar
เอทิลีนออกไซด์	ethylene oxide
อะนาเทส	anatase
ออร์แกนิก	organic
เอกซ์ปอตส์	exports
แอสโทรฟิลไลต์	astrophyllite
แอป	app
เอไอ เอนเนอร์จี	ai energy
ออมฟาไซต์	omphacite
แอลไบต์	albite
เอเจนซี	agency
อาร์เทอไรต์	arthurite
แอโดเลสเซนต์	adolescent
อาร์โก	argot
เอนไซม์แอมีโลไลติก	amylolytic enzyme
อีโอสฟอไรต์	eosphorite
อีเบย์	ebay
เอกซ์คลูซิฟ	exclusive
เอนเจิล	angel
อาร์กอน	argon
เอนสตาไทต์	enstatite
เอโมไซต์	amosite
แองเกลอร์	angler
แอนิเมเตอร์	animator
เอเมน	amen
แอรีส	aries
แอลลีย์	alley
โอ๊ก	oak
แอนติออกซิแดนต์	antioxidant
อีเดไนต์	edenite
อินดิโกไลต์	indigolite
อะซูไรต์	azurite
แอไจล์	agile
แอโครแบ็ต	acrobat
ไอพ็อด	ipod
อาร์เซโนไพไรต์	arsenopyrite
แอเชอร์	azure
เอเลียน	alien
ไอโดเครส	idocrase
เอพิสติลไบต์	epistilbite
อาฟเตอร์	after
เอมโบไลต์	embolite
อีเธอเรียม	ethereum
อะทาคาไมต์	atacamite
อูราไลต์	uralite
แอรอน	aaron
อะลัม	alum
แอมฟิโบล	amphibole
เอกมาไนต์	ekmanite
อีบุ๊ก	ebook
อิริเดียม	iridium
เอพิโดต	epidote
ไอเทม	item
อัพเดต	update
อัลติเมต	ultimate
แอบโซลูต	absolute
ออปติซอร์บ	optisorb
อิมเมจ	image
แอ็กทิเวต	activate
เอ็นเอฟซี	nfc
แอมมิเตอร์	ammeter
แอนดีซีน	andesine
เอเมอรี	emery
แอนทิเพอร์ไทต์	antiperthite
เอแจ็กซ์	ajax
อูบุนตู	ubuntu
แอมนีเซีย	amnesia
อินฟราเรด	infrared
แอลิซ	alice
แอลแพกา	alpaca
อะความารีน	aquamarine
ไอซ์สเกต	ice skate
เอเนอร์จี	energy
แอนอกไซต์	anauxite
โอห์ม	ohm
อะโดนิส	adonis
อูราลบอไรต์	uralborite
เอ็กเซอร์ไซส์	exercise
ออเจไลต์	augelite
แอปพลิเคชัน	application
อินทราเน็ต	intranet
แอ็กทิฟ	active
อะโลน	alone
โอลิมปิก	olympic
แอนโทนี่	anthony
แอเมทิสต์	amethyst
แอโนด	anode
เอกซ์เทนซิฟ	extensive
อัลตราซาวนด์	ultrasound
เอนด์	end
ไอเดีย	idea
ออสเมียม	osmium
อินดัสตรี	industry
อีคอมเมิร์ซ	ecommerce
ไอโซโทป	isotope
แอลมันดัน	almandine
อัลฟ่า	alpha
อัลปากา	alpaca
อาร์เคน	arcane
อาเมน	amen
อีสเตอร์	eeaster
อิหม่าม	imam
แอนดาลูไซต์	andalusite
เอพิดิดิไมต์	epididymite
อะนีเมีย	anaemia
อะพาไทต์	apatite
อินบ็อกซ์	inbox
เอมเพลกไทต์	emplectite
ไอคอน	icon
แอนะล็อก	analogue
อิเวนต์	event
โอท๊อป	otop
เอ็กซ์บ็อกซ์	xbox
ไอน์สไตเนียม	einsteinium
แอดัม	adam
อาการ์	agar
โอเคไนต์	okenite
อัลบั้ม	album
อลิสซาเบธ	elizabeth
ออทิสติก	autism
โอวิแร็ปเตอร์	oviraptor
โอลิเวไนต์	olivenite
อีเมล์	email
อาบิเกล	abigail
อีจิส	aegis
อินเทอร์เน็ต	internet
อัลเบิร์ดไอน์สไตน์	albert einstein
อิเนไซต์	inesite
อะเมซิง	amazing
ออสบอร์ไนต์	osbornite
เอาต์คัม	outcome
เอ็นเตอร์เทนเมนต์	entertainment
แอนิเมชัน	animation
อีจิรีน	aegirite
แอนนาเบอร์ไกต์	annabergite
ไอออน	ion
อะดรีนาลิน	adrenalin
อิลเมไนต์	ilmenite
อาแคนไทต์	acanthite
เอเจ แอดวานซ์ เทคโนโลยี	aj advance technology
อีเลิร์นนิง	elearning
อาแรบิกา	arabica
แอนดราไดต์	andradite
แอตทาพุลไกต์	attapulgite
เอต์ทรินไกต์	ettringite
อาร์เมอร์	armor
ออตเทรไลต์	ottrelite
อามอนด์	almond
ไอจี	ig
แอโลเวียรา	aloe vera
อีเทอร์	ether
ออทูไนต์	autunite
โอเปอเรเตอร์	operator
อิดิชัน	edition
ออฟฟิซ	office
เอสเพรสโซ่	espresso
อลิส	alice
อัปโหลด	upload
แอ็ป	app
เอไอจี	aig
แอสไพริน	aspirin
เอโรบิก	aerobic
เอฟเฟ็กต์	effect
เอทิลแอลกอฮอล์	ethyl alcohol
ออร์โทเคลส	ortoclase
แอดเวิร์บ	adverb
อีเลกทรัม	electrum
แอดาไมต์	adamite
อินเตอร์คอม	intercom
อาร์ทิไนต์	artinite
อินเตอร์เฟส	interface
ออฟเฟรไทต์	offretite
อิกวานา	iguana
อินบอกซ์	inbox
อีบุ๊ก	ebook
แอนดรอยด์	android
อิตโทรแทนทาไลต์	yttrotantalite
อะนาลไซต์	analcite
ออร์เดอร์	order
แองกรี	angry
เอกซ์เอ็มแอล	xml
อะนู	anew
แอริด	arid
อะแควเรียส	aquarius
เอพิสโตไลต์	epistolite
เอ็นเฮชเอส	nhs
แอนติเจน	antigen
เอนไซม์แอมีเลส	amylase enzyme
แอนเทิลไรต์	antlerite
โอเค	ok
อโดบี	adobe
ไอโอไลต์	iolite
อะซูร์มาลาไคต์	azurmalachite
เอ็นซีแอล อินเตอร์เนชั่นแนล โลจิสติกส์	ncl international logistics
แอโลเวรา	aloe vera
แอฟเฟล็ก	affleck
อีออน	aeon
โฮมสเตย์	homestay
ไฮยาไลต์	hyalite
เฮ้	hey
แฮม	ham
ฮอป	hop
แฮกมาไนต์	hackmanite
โฮไพต์	hopeite
ฮิวโรไลต์	hureaulite
ฮอร์นเบลนด์	hornblende
ฮาโรลด์	harold
เฮดิเฟน	hedyphane
แฮงเอาต์	hangout
เฮดสแตนด์	headstand
ฮีลิโอโทรป	heliotrope
ไฮโพคลอไรต์	hypochlorite
ฮาโลวีน	halloween
เฮลิคอปเตอร์	helicopter
ฮาร์ดดิสก์	hard disk
เฮาส์มันไนต์	hausmannite
ฮอลันดา	hollanda
เฮกตาร์	hectare
แฮฟเนียม	hafnium
เฮฟวีเวต	heavyweight
ฮอลแลนด์	holland
ฮาร์ต	heart
โฮลเมียม	holmium
ฮินส์ดาไลต์	hinsdalite
เฮเลน่า	helena
ฮีเซลวูไดต์	heazlewoodite
ฮาเร็ม	harem
ฮันไทต์	huntite
เฮสโซไนต์	hessonite
ฮอลลีวูด	hollywood
ไฮเพอร์สทีน	hypersthene
ไฮโดรซิงไคต์	hydrozincite
ฮาลโลวีน	halloween
แฮมเตอร์	hamster
ฮิปโปโปเตมัส	hippopotamus
แฮปปีเบิร์ทเดย์	happy birthday
เฮดโฟน	headphone
ไฮโกรมิเตอร์	hygrometer
โฮโนลูลู	honolulu
ไฮยาไลน์	hyaline
ฮอยน์	hauyne
เฮเลน	helen
ไฮไฟ	hi–fi
ไฮดราร์จิลไลต์	hydrargillite
ไฮไลท์	highlight
ไฮดรอกซิลอะพาไทต์	hydroxylapatite
ฮีเวลไลต์	whewellite
ฮิวไมต์	humite
ไฮโดรคาร์บอน	hydrocarbon
ไฮโดรมิเตอร์	hydrometer
เฮลิโอดอร์	heliodor
เฮกเทอไรต์	hectorite
ฮาร์ดไดรฟ์	hard drive
ไฮยาซินท์	hyacinth
ไฮโดรเจนเพอร์ออกไซด์	hydrogen peroxide
ฮัสเซียม	hassium
แฮนด์แซนิไทเซอร์เจล	hand sanitizer gel
เฮิบเนอไรต์	huebnerite
ฮีโร	hero
แฮนด์บอล	handball
เฮอร์เดอไรต์	herderite
ฮอกกี้	hockey
ไฮโดรบอราไซต์	hydroboracite
ไฮดรอกซิลบาสต์เนไซต์	hydroxylbastnasite
แฮชแท็ก	hashtag
ไฮโดรเฟน	hydrophane
ฮาลลอยไซต์	halloysite
ฮอดจ์คินซอไนต์	hodgkinsonite
ฮิปฮอป	hip hop
เฮสทิงไซต์	hastingsite
เฮลท์แคร์	healthcare
เฮอร์ซิไนต์	hercynite
เฮโรอีน	heroin
ฮอร์โมน	hormone
แฮรี่	harry
เฮโมโกลบิน	haemoglobin
ฮีมาทีน	hematine
แฮมเบอร์ไกต์	harmotome
ไฮยีนา	hyaena
แฮร์รี่ พอตเตอร์	harry potter
แฮปปี	happy
ไฮโดรพอนิกส์	hydroponics
ฮาร์ดดิสก์	harddisk
ฮั่น	hun
แฮกเกอร์	hacker
ไฮโดรแมกนีไซต์	hydromagnesite
ฮิสทรี	history
โฮสต์	host
ไฮโดรเจน	hydrogen
ไฮยาโลเฟน	hyalophane
ฮีมาไทต์	hematite
ไฮบริด	hybrid
ฮิพฮอพ	hip hop
ฮาร์โมโทม	harmotome
ไฮไลต์	highlight
เฮลไวต์	helvite
เฮมิมอร์ไฟต์	hemimorphite
ฮาวาย	hawaii
เฮสไซต์	hessite
ฮับ	hub
เฮไลต์	halite
